{
    "id_0a1f875b-a67fe221-684adc8a-39b1c19b-266b948b\\Study_22028902.48449501.25544157.65169404.59411193\\Series_57322992.77011198.27473253.16855266.10345337\\image-43591434.24105909.95501830.31186664.56232345": {
        "Atelectasis": 0.510846,
        "Consolidation": 0.52218413,
        "Infiltration": 0.5549371,
        "Pneumothorax": 0.5067145,
        "Edema": 0.5518528,
        "Emphysema": 0.5240804,
        "Fibrosis": 0.50188565,
        "Effusion": 0.4354911,
        "Pneumonia": 0.84427136,
        "Pleural_Thickening": 0.50282234,
        "Cardiomegaly": 0.31207076,
        "Nodule": 0.5190861,
        "Mass": 0.50740016,
        "Hernia": 0.14699773,
        "Lung Lesion": 0.21850517,
        "Fracture": 0.509514,
        "Lung Opacity": 0.8341817,
        "Enlarged Cardiomediastinum": 0.5362811
    },
    "id_0a0c2c8f-a36a1e82-a4857225-5a2af2a6-c7be16c1\\Study_12840378.32185825.64169999.71049659.46899097\\Series_60731327.33236805.18319358.84233616.48423037\\image-77089611.78785961.69826278.95000740.26294623": {
        "Atelectasis": 0.031201912,
        "Consolidation": 0.11876979,
        "Infiltration": 0.497626,
        "Pneumothorax": 0.087464966,
        "Edema": 0.00041537173,
        "Emphysema": 0.005503846,
        "Fibrosis": 0.07399795,
        "Effusion": 0.016097093,
        "Pneumonia": 0.0016749112,
        "Pleural_Thickening": 0.06363264,
        "Cardiomegaly": 0.0010421445,
        "Nodule": 0.164631,
        "Mass": 0.13656321,
        "Hernia": 0.0016956899,
        "Lung Lesion": 0.0005958095,
        "Fracture": 0.061993312,
        "Lung Opacity": 0.064386904,
        "Enlarged Cardiomediastinum": 0.008998131
    },
    "id_0a0c2c8f-a36a1e82-a4857225-5a2af2a6-c7be16c1\\Study_12840378.32185825.64169999.71049659.46899097\\Series_84360887.47369423.71070381.05368932.51324052\\image-23691574.78007127.67077450.08256882.87395367": {
        "Atelectasis": 0.48895076,
        "Consolidation": 0.51719403,
        "Infiltration": 0.5336765,
        "Pneumothorax": 0.5076629,
        "Edema": 0.24492101,
        "Emphysema": 0.5011612,
        "Fibrosis": 0.48595425,
        "Effusion": 0.36354506,
        "Pneumonia": 0.047249105,
        "Pleural_Thickening": 0.5022957,
        "Cardiomegaly": 0.3739514,
        "Nodule": 0.51669127,
        "Mass": 0.56016815,
        "Hernia": 0.15989539,
        "Lung Lesion": 0.03011468,
        "Fracture": 0.52704644,
        "Lung Opacity": 0.7456008,
        "Enlarged Cardiomediastinum": 0.5319185
    },
    "id_0a1a6062-e213e37c-6bcae1c6-6c190512-1608618b\\Study_98994683.63586294.68093843.76956922.86921492\\Series_77631034.54398252.78411086.09320130.64621041\\image-15261899.16336799.16570287.29657437.32481398": {
        "Atelectasis": 0.0372992,
        "Consolidation": 0.035560146,
        "Infiltration": 0.5568107,
        "Pneumothorax": 0.016296253,
        "Edema": 0.0024187472,
        "Emphysema": 0.004712539,
        "Fibrosis": 0.021278353,
        "Effusion": 0.007267159,
        "Pneumonia": 0.0019331153,
        "Pleural_Thickening": 0.014546017,
        "Cardiomegaly": 0.065205194,
        "Nodule": 0.31722683,
        "Mass": 0.17690185,
        "Hernia": 0.00017405905,
        "Lung Lesion": 0.022526877,
        "Fracture": 0.12757649,
        "Lung Opacity": 0.025252195,
        "Enlarged Cardiomediastinum": 0.05692021
    },
    "id_0a1a38c4-c9e03c76-28a14f88-2d30e1d4-6183d46b\\Study_79148372.32343444.40535568.71230168.45973202\\Series_35159210.86362984.56224315.14980009.77443886\\image-75545339.55870039.51885816.92064157.98378507": {
        "Atelectasis": 0.122541115,
        "Consolidation": 0.19435641,
        "Infiltration": 0.5359601,
        "Pneumothorax": 0.28845632,
        "Edema": 0.031057993,
        "Emphysema": 0.031930972,
        "Fibrosis": 0.1355956,
        "Effusion": 0.052747704,
        "Pneumonia": 0.13587084,
        "Pleural_Thickening": 0.10391917,
        "Cardiomegaly": 0.018953513,
        "Nodule": 0.26527914,
        "Mass": 0.4096109,
        "Hernia": 0.012707302,
        "Lung Lesion": 0.054212097,
        "Fracture": 0.27667862,
        "Lung Opacity": 0.1017158,
        "Enlarged Cardiomediastinum": 0.1971498
    },
    "id_0a1a6062-e213e37c-6bcae1c6-6c190512-1608618b\\Study_98994683.63586294.68093843.76956922.86921492\\Series_26880149.61800914.33971446.34850238.65835632\\image-09599604.82254875.28128815.63496762.37337175": {
        "Atelectasis": 0.5668485,
        "Consolidation": 0.5349126,
        "Infiltration": 0.5278224,
        "Pneumothorax": 0.5129199,
        "Edema": 0.5315082,
        "Emphysema": 0.508734,
        "Fibrosis": 0.5054996,
        "Effusion": 0.5072937,
        "Pneumonia": 0.5432726,
        "Pleural_Thickening": 0.51305866,
        "Cardiomegaly": 0.5236823,
        "Nodule": 0.5225603,
        "Mass": 0.55471516,
        "Hernia": 0.50891185,
        "Lung Lesion": 0.50090337,
        "Fracture": 0.5783888,
        "Lung Opacity": 0.59816873,
        "Enlarged Cardiomediastinum": 0.55579287
    },
    "id_0a1a38c4-c9e03c76-28a14f88-2d30e1d4-6183d46b\\Study_79148372.32343444.40535568.71230168.45973202\\Series_42870200.42252498.39047976.25237423.29489324\\image-15908848.77237609.03232560.96641664.72033662": {
        "Atelectasis": 0.4120265,
        "Consolidation": 0.5127566,
        "Infiltration": 0.36105752,
        "Pneumothorax": 0.5153583,
        "Edema": 0.51499146,
        "Emphysema": 0.50323725,
        "Fibrosis": 0.06253885,
        "Effusion": 0.1919546,
        "Pneumonia": 0.7595514,
        "Pleural_Thickening": 0.24310969,
        "Cardiomegaly": 0.08841828,
        "Nodule": 0.50565577,
        "Mass": 0.5030471,
        "Hernia": 0.07987623,
        "Lung Lesion": 0.021902682,
        "Fracture": 0.52329326,
        "Lung Opacity": 0.7443126,
        "Enlarged Cardiomediastinum": 0.5058578
    },
    "id_0a1a0de9-947c36de-38f2e3c9-a497807e-7ceb75f8\\Study_72682317.56696215.32367375.69516389.09416010\\Series_94559003.83259051.98386686.73459116.65935633\\image-49456968.50961677.93916823.30114741.97249659": {
        "Atelectasis": 0.06697465,
        "Consolidation": 0.24829751,
        "Infiltration": 0.05490252,
        "Pneumothorax": 0.011204276,
        "Edema": 0.012375803,
        "Emphysema": 0.22598492,
        "Fibrosis": 0.4010473,
        "Effusion": 0.03754527,
        "Pneumonia": 0.026954295,
        "Pleural_Thickening": 0.07943906,
        "Cardiomegaly": 0.45314363,
        "Nodule": 0.23423465,
        "Mass": 0.24741504,
        "Hernia": 0.00089800096,
        "Lung Lesion": 4.9896844e-05,
        "Fracture": 0.018507896,
        "Lung Opacity": 0.35916594,
        "Enlarged Cardiomediastinum": 0.20331928
    },
    "id_0a1f875b-a67fe221-684adc8a-39b1c19b-266b948b\\Study_22028902.48449501.25544157.65169404.59411193\\Series_84639027.32441790.39783484.46756843.74807336\\image-37893342.90788293.97674894.30563722.15937211": {
        "Atelectasis": 0.085833415,
        "Consolidation": 0.10372635,
        "Infiltration": 0.51892245,
        "Pneumothorax": 0.17966986,
        "Edema": 0.017851489,
        "Emphysema": 0.20889144,
        "Fibrosis": 0.10234476,
        "Effusion": 0.025369877,
        "Pneumonia": 0.25103498,
        "Pleural_Thickening": 0.15457705,
        "Cardiomegaly": 0.021998122,
        "Nodule": 0.35682264,
        "Mass": 0.17850338,
        "Hernia": 0.023708947,
        "Lung Lesion": 0.03373714,
        "Fracture": 0.3751679,
        "Lung Opacity": 0.100315794,
        "Enlarged Cardiomediastinum": 0.11625961
    }
}